avg_icu_arterialbloodpressuremean_220052,std_icu_arterialbloodpressuremean_220052,avg_icu_respiratoryrate_220210,std_icu_respiratoryrate_220210,avg_icu_noninvasivebloodpressuresystolic_220179,std_icu_noninvasivebloodpressuresystolic_220179,avg_icu_temperaturefahrenheit_223761,std_icu_temperaturefahrenheit_223761,avg_icu_heartrate_220045,std_icu_heartrate_220045,avg_lab_sodium_50983,std_lab_sodium_50983,avg_lab_potassium_50971,std_lab_potassium_50971,avg_lab_hematocrit_51221,std_lab_hematocrit_51221,avg_lab_po2_50821,std_lab_po2_50821,avg_lab_bilirubintotal_50885,std_lab_bilirubintotal_50885,avg_lab_creatinine_50912,std_lab_creatinine_50912,avg_lab_ureanitrogen_51006,std_lab_ureanitrogen_51006,avg_lab_wbccount_51300,std_lab_wbccount_51300,avg_lab_calculatedbicarbonatewholeblood_50803,std_lab_calculatedbicarbonatewholeblood_50803,avg_lab_plateletcount_51265,std_lab_plateletcount_51265,avg_lab_oxygen_50816,std_lab_oxygen_50816
15.902525026709878,290.35614642028247,11.424222487229892,701.69959818197424,42.86185870423553,528.0146811933048,13.068936408118962,76.96807490244926,49.540022397619779,2957.3307025182517,23.269151393312033,51.791073949882311,0.7008636956291957,1.5685233330040778,5.153972835887962,11.781777775392793,5.3170481111750751,32.008025885190754,0.11020582895298411,1.253658785510082,0.23655807775372095,0.81914764596737022,4.2394721053693134,12.958726286800289,0.001431659180998334,0.16866942226523293,0.013537674758989864,0.58445931780212756,35.341173414539043,97.768765883198824,0.2991785617910393,4.3115398071478044
